-- phpMyAdmin SQL Dump
-- version 5.1.1
-- https://www.phpmyadmin.net/
--
-- Host: 127.0.0.1
-- Generation Time: Nov 25, 2022 at 06:24 PM
-- Server version: 10.4.22-MariaDB
-- PHP Version: 8.1.2

SET SQL_MODE = "NO_AUTO_VALUE_ON_ZERO";
START TRANSACTION;
SET time_zone = "+00:00";


/*!40101 SET @OLD_CHARACTER_SET_CLIENT=@@CHARACTER_SET_CLIENT */;
/*!40101 SET @OLD_CHARACTER_SET_RESULTS=@@CHARACTER_SET_RESULTS */;
/*!40101 SET @OLD_COLLATION_CONNECTION=@@COLLATION_CONNECTION */;
/*!40101 SET NAMES utf8mb4 */;

--
-- Database: `reservation_online`
--

-- --------------------------------------------------------

--
-- Table structure for table `announcement`
--

CREATE TABLE `announcement` (
  `announcement_id` int(11) NOT NULL,
  `annouce_name` varchar(100) COLLATE utf8_unicode_ci NOT NULL,
  `annouce_place` varchar(100) COLLATE utf8_unicode_ci NOT NULL,
  `annouce_date` varchar(100) COLLATE utf8_unicode_ci NOT NULL,
  `details` varchar(100) COLLATE utf8_unicode_ci NOT NULL
) ENGINE=InnoDB DEFAULT CHARSET=utf8 COLLATE=utf8_unicode_ci;

-- --------------------------------------------------------

--
-- Table structure for table `category`
--

CREATE TABLE `category` (
  `cat_id` int(11) NOT NULL,
  `cat_name` varchar(50) NOT NULL
) ENGINE=InnoDB DEFAULT CHARSET=latin1;

--
-- Dumping data for table `category`
--

INSERT INTO `category` (`cat_id`, `cat_name`) VALUES
(6, 'Main Course'),
(7, 'Pasta'),
(9, 'Dessert'),
(10, 'Rice');

-- --------------------------------------------------------

--
-- Table structure for table `combo`
--

CREATE TABLE `combo` (
  `combo_id` int(11) NOT NULL,
  `combo_name` varchar(100) NOT NULL,
  `combo_price` decimal(10,2) NOT NULL
) ENGINE=InnoDB DEFAULT CHARSET=latin1;

--
-- Dumping data for table `combo`
--

INSERT INTO `combo` (`combo_id`, `combo_name`, `combo_price`) VALUES
(1, 'Package 1', '150.00'),
(2, 'Package 2', '250.00'),
(3, 'Package 3', '50.00'),
(4, 'Package 4', '250.00');

-- --------------------------------------------------------

--
-- Table structure for table `combo_details`
--

CREATE TABLE `combo_details` (
  `combo_details_id` int(11) NOT NULL,
  `combo_id` int(11) NOT NULL,
  `menu_id` int(11) NOT NULL
) ENGINE=InnoDB DEFAULT CHARSET=latin1;

--
-- Dumping data for table `combo_details`
--

INSERT INTO `combo_details` (`combo_details_id`, `combo_id`, `menu_id`) VALUES
(1, 1, 2),
(2, 1, 3),
(3, 2, 1),
(4, 2, 3),
(5, 3, 2),
(6, 3, 4),
(7, 4, 1),
(8, 4, 2),
(9, 4, 3);

-- --------------------------------------------------------

--
-- Table structure for table `event`
--

CREATE TABLE `event` (
  `event_id` int(11) NOT NULL,
  `event_what` varchar(500) NOT NULL,
  `event_date` date NOT NULL,
  `event_time` time NOT NULL,
  `event_where` varchar(100) NOT NULL
) ENGINE=InnoDB DEFAULT CHARSET=latin1;

--
-- Dumping data for table `event`
--

INSERT INTO `event` (`event_id`, `event_what`, `event_date`, `event_time`, `event_where`) VALUES
(1, 'Company Christmas Party', '2017-12-15', '10:39:00', 'Gym');

-- --------------------------------------------------------

--
-- Table structure for table `member`
--

CREATE TABLE `member` (
  `member_id` int(11) NOT NULL,
  `member_last` varchar(15) NOT NULL,
  `member_first` varchar(15) NOT NULL,
  `member_status` varchar(10) NOT NULL,
  `member_contact` varchar(30) NOT NULL,
  `member_address` varchar(100) NOT NULL
) ENGINE=InnoDB DEFAULT CHARSET=latin1;

-- --------------------------------------------------------

--
-- Table structure for table `menu`
--

CREATE TABLE `menu` (
  `menu_id` int(11) NOT NULL,
  `menu_name` varchar(50) NOT NULL,
  `cat_id` int(30) NOT NULL,
  `subcat_name` varchar(30) NOT NULL,
  `menu_desc` varchar(100) NOT NULL,
  `menu_price` decimal(10,2) NOT NULL,
  `menu_pic` varchar(100) NOT NULL
) ENGINE=InnoDB DEFAULT CHARSET=latin1;

--
-- Dumping data for table `menu`
--

INSERT INTO `menu` (`menu_id`, `menu_name`, `cat_id`, `subcat_name`, `menu_desc`, `menu_price`, `menu_pic`) VALUES
(1, 'Beef Simo', 6, 'Lunch and Dinner', 'Beef Salpicao', '100.00', 'indian-food-platter.jpg'),
(2, 'Bakareta', 2, 'pork', 'Pork Adobo', '100.00', 'indian-food-platter.jpg'),
(3, 'Chicken Curry', 6, 'Lunch and Dinner', 'Chicken Curry', '50.00', '501247.jpg'),
(4, 'Buko Pandan', 9, 'Mirienda', 'Buko Pandan', '45.00', 'default.gif');

-- --------------------------------------------------------

--
-- Table structure for table `message`
--

CREATE TABLE `message` (
  `message_id` int(11) NOT NULL,
  `fullname` varchar(100) NOT NULL,
  `email` varchar(100) NOT NULL,
  `subject` varchar(30) NOT NULL,
  `message` varchar(1000) NOT NULL,
  `date` timestamp NOT NULL DEFAULT current_timestamp() ON UPDATE current_timestamp()
) ENGINE=InnoDB DEFAULT CHARSET=latin1;

-- --------------------------------------------------------

--
-- Table structure for table `payment`
--

CREATE TABLE `payment` (
  `payment_id` int(11) NOT NULL,
  `amount` int(11) NOT NULL,
  `rid` int(11) NOT NULL,
  `payment_date` date NOT NULL
) ENGINE=InnoDB DEFAULT CHARSET=latin1;

--
-- Dumping data for table `payment`
--

INSERT INTO `payment` (`payment_id`, `amount`, `rid`, `payment_date`) VALUES
(1, 2000, 42, '2017-04-28'),
(2, 30000, 55, '2022-10-14'),
(3, 30000, 46, '2022-10-14'),
(4, 30000, 55, '2022-10-14'),
(5, 10000, 56, '2022-11-25'),
(6, 100, 56, '2022-11-25'),
(7, 150, 56, '2022-11-25');

-- --------------------------------------------------------

--
-- Table structure for table `reservation`
--

CREATE TABLE `reservation` (
  `rid` int(11) NOT NULL,
  `r_date` date NOT NULL,
  `r_time` time NOT NULL,
  `r_last` varchar(30) NOT NULL,
  `r_first` varchar(30) NOT NULL,
  `r_contact` varchar(30) NOT NULL,
  `r_email` varchar(50) NOT NULL,
  `r_address` varchar(100) NOT NULL,
  `r_type` varchar(30) NOT NULL,
  `r_ocassion` varchar(50) NOT NULL,
  `r_motif` varchar(30) NOT NULL,
  `team_id` int(11) NOT NULL,
  `r_venue` varchar(100) NOT NULL,
  `payable` decimal(10,2) NOT NULL,
  `balance` decimal(10,2) NOT NULL,
  `r_status` varchar(10) NOT NULL,
  `date_reserved` date NOT NULL,
  `r_code` varchar(10) NOT NULL,
  `pax` int(11) NOT NULL,
  `combo_id` int(11) NOT NULL,
  `price` decimal(10,2) NOT NULL,
  `modeofpayment` varchar(50) NOT NULL
) ENGINE=InnoDB DEFAULT CHARSET=latin1;

--
-- Dumping data for table `reservation`
--

INSERT INTO `reservation` (`rid`, `r_date`, `r_time`, `r_last`, `r_first`, `r_contact`, `r_email`, `r_address`, `r_type`, `r_ocassion`, `r_motif`, `team_id`, `r_venue`, `payable`, `balance`, `r_status`, `date_reserved`, `r_code`, `pax`, `combo_id`, `price`, `modeofpayment`) VALUES
(42, '2017-05-04', '14:00:00', 'Pipez', 'Lee ', '09001914000', 'e@gmail.com', 'Bago City', 'buffet', 'Baptism', 'White', 0, 'Bago City', '2500.00', '500.00', 'Approved', '2017-04-28', '5xkKxwWasn', 50, 3, '50.00', 'Bank to Bank'),
(45, '2017-06-07', '01:00:00', 'klj', 'kkj', 'kjk', 'emoblazz@gmail.com', 'kjk', 'buffet', 'Baptism', 'jjj', 0, 'lkjkj', '1500.00', '1500.00', 'pending', '2017-04-28', 'Bg0GueD1Vg', 10, 1, '150.00', 'Bank to Bank'),
(46, '2017-08-07', '01:00:00', 'klj', 'kkj', 'kjk', 'emoblazz@gmail.com', 'kjk', 'buffet', 'Baptism', 'jjj', 0, 'lkjkj', '1500.00', '-28500.00', 'Finished', '2017-04-28', 'Bg0GuezJd8', 10, 1, '150.00', 'Bank to Bank'),
(53, '0000-00-00', '00:00:00', 'saddsa', 'sada', '1231231211', 'adsa@gam.com', 'saddsadas', '', '', '', 0, '', '0.00', '0.00', '', '2022-10-14', 'RzufGJzTpn', 0, 0, '0.00', ''),
(54, '0000-00-00', '00:00:00', 'sada', 'asd', '123412', 'asdsadas@asd.com', 'asdasda', '', '', '', 0, '', '0.00', '0.00', '', '2022-10-14', 'MGeyiICwv6', 0, 0, '0.00', ''),
(55, '2022-10-17', '09:29:00', 'dsadad', 'asdrt', '12313', 'asdsadas@asd.com', 'sadsad', 'buffet', 'Baptism', 'Suite', 0, 'asdsadsa', '3000.00', '-57000.00', 'Finished', '2022-10-14', 'F7vC8NJeVb', 12, 4, '250.00', 'Cash'),
(56, '2022-10-25', '09:35:00', 'teasdsad', 'asdad', '1231', 'adsa@gam.com', 'asdsadsa', 'buffet', 'Birthday', 'Suite', 1, 'teasdsadsa', '10250.00', '0.00', 'Finished', '2022-10-14', 'XHbkCiUon8', 41, 4, '250.00', ''),
(57, '2022-11-28', '00:03:00', 'testsada', 'asdsadsa', '087781498227', 'ysmjojooo@gmail.com', 'tasdsadsa', 'plated', 'Birthday', 'Suite', 0, 'asdsdsadsad', '25000.00', '25000.00', 'pending', '2022-11-25', 'vHkWzUjdoq', 100, 4, '250.00', 'Bank to Bank');

-- --------------------------------------------------------

--
-- Table structure for table `r_combo`
--

CREATE TABLE `r_combo` (
  `r_combo_id` int(11) NOT NULL,
  `menu_id` int(11) NOT NULL,
  `r_details_id` int(11) NOT NULL
) ENGINE=InnoDB DEFAULT CHARSET=latin1;

-- --------------------------------------------------------

--
-- Table structure for table `r_details`
--

CREATE TABLE `r_details` (
  `r_details_id` int(11) NOT NULL,
  `rid` int(11) NOT NULL,
  `combo_id` int(11) NOT NULL,
  `r_nop` int(10) NOT NULL,
  `r_total` decimal(10,2) NOT NULL,
  `r_price` decimal(10,2) NOT NULL
) ENGINE=InnoDB DEFAULT CHARSET=latin1;

-- --------------------------------------------------------

--
-- Table structure for table `r_noncombo`
--

CREATE TABLE `r_noncombo` (
  `r_non_id` int(11) NOT NULL,
  `rid` int(11) NOT NULL,
  `menu_id` int(11) NOT NULL,
  `serve` int(11) NOT NULL
) ENGINE=InnoDB DEFAULT CHARSET=latin1;

-- --------------------------------------------------------

--
-- Table structure for table `subcategory`
--

CREATE TABLE `subcategory` (
  `subcat_id` int(11) NOT NULL,
  `subcat_name` varchar(30) NOT NULL
) ENGINE=InnoDB DEFAULT CHARSET=latin1;

--
-- Dumping data for table `subcategory`
--

INSERT INTO `subcategory` (`subcat_id`, `subcat_name`) VALUES
(1, 'Non Combo Meal'),
(2, 'Mirienda'),
(3, 'Lunch and Dinner'),
(10, 'Drinks');

-- --------------------------------------------------------

--
-- Table structure for table `team`
--

CREATE TABLE `team` (
  `team_id` int(11) NOT NULL,
  `team_name` varchar(50) NOT NULL
) ENGINE=InnoDB DEFAULT CHARSET=latin1;

--
-- Dumping data for table `team`
--

INSERT INTO `team` (`team_id`, `team_name`) VALUES
(1, 'Team Pesulap Aliansi');

-- --------------------------------------------------------

--
-- Table structure for table `team_member`
--

CREATE TABLE `team_member` (
  `team_member_id` int(11) NOT NULL,
  `team_id` int(11) NOT NULL,
  `member_id` int(11) NOT NULL
) ENGINE=InnoDB DEFAULT CHARSET=latin1;

-- --------------------------------------------------------

--
-- Table structure for table `user`
--

CREATE TABLE `user` (
  `user_id` int(11) NOT NULL,
  `full_name` varchar(50) NOT NULL,
  `username` varchar(15) NOT NULL,
  `password` varchar(15) NOT NULL,
  `status` varchar(10) NOT NULL
) ENGINE=InnoDB DEFAULT CHARSET=latin1;

--
-- Dumping data for table `user`
--

INSERT INTO `user` (`user_id`, `full_name`, `username`, `password`, `status`) VALUES
(1, 'Aliansi Pesulap', 'admin', '123', 'active');

--
-- Indexes for dumped tables
--

--
-- Indexes for table `announcement`
--
ALTER TABLE `announcement`
  ADD PRIMARY KEY (`announcement_id`);

--
-- Indexes for table `category`
--
ALTER TABLE `category`
  ADD PRIMARY KEY (`cat_id`);

--
-- Indexes for table `combo`
--
ALTER TABLE `combo`
  ADD PRIMARY KEY (`combo_id`);

--
-- Indexes for table `combo_details`
--
ALTER TABLE `combo_details`
  ADD PRIMARY KEY (`combo_details_id`);

--
-- Indexes for table `event`
--
ALTER TABLE `event`
  ADD PRIMARY KEY (`event_id`);

--
-- Indexes for table `member`
--
ALTER TABLE `member`
  ADD PRIMARY KEY (`member_id`);

--
-- Indexes for table `menu`
--
ALTER TABLE `menu`
  ADD PRIMARY KEY (`menu_id`);

--
-- Indexes for table `message`
--
ALTER TABLE `message`
  ADD PRIMARY KEY (`message_id`);

--
-- Indexes for table `payment`
--
ALTER TABLE `payment`
  ADD PRIMARY KEY (`payment_id`);

--
-- Indexes for table `reservation`
--
ALTER TABLE `reservation`
  ADD PRIMARY KEY (`rid`);

--
-- Indexes for table `r_combo`
--
ALTER TABLE `r_combo`
  ADD PRIMARY KEY (`r_combo_id`);

--
-- Indexes for table `r_details`
--
ALTER TABLE `r_details`
  ADD PRIMARY KEY (`r_details_id`);

--
-- Indexes for table `r_noncombo`
--
ALTER TABLE `r_noncombo`
  ADD PRIMARY KEY (`r_non_id`);

--
-- Indexes for table `subcategory`
--
ALTER TABLE `subcategory`
  ADD PRIMARY KEY (`subcat_id`);

--
-- Indexes for table `team`
--
ALTER TABLE `team`
  ADD PRIMARY KEY (`team_id`);

--
-- Indexes for table `team_member`
--
ALTER TABLE `team_member`
  ADD PRIMARY KEY (`team_member_id`);

--
-- Indexes for table `user`
--
ALTER TABLE `user`
  ADD PRIMARY KEY (`user_id`);

--
-- AUTO_INCREMENT for dumped tables
--

--
-- AUTO_INCREMENT for table `announcement`
--
ALTER TABLE `announcement`
  MODIFY `announcement_id` int(11) NOT NULL AUTO_INCREMENT;

--
-- AUTO_INCREMENT for table `category`
--
ALTER TABLE `category`
  MODIFY `cat_id` int(11) NOT NULL AUTO_INCREMENT, AUTO_INCREMENT=11;

--
-- AUTO_INCREMENT for table `combo`
--
ALTER TABLE `combo`
  MODIFY `combo_id` int(11) NOT NULL AUTO_INCREMENT, AUTO_INCREMENT=5;

--
-- AUTO_INCREMENT for table `combo_details`
--
ALTER TABLE `combo_details`
  MODIFY `combo_details_id` int(11) NOT NULL AUTO_INCREMENT, AUTO_INCREMENT=10;

--
-- AUTO_INCREMENT for table `event`
--
ALTER TABLE `event`
  MODIFY `event_id` int(11) NOT NULL AUTO_INCREMENT, AUTO_INCREMENT=2;

--
-- AUTO_INCREMENT for table `member`
--
ALTER TABLE `member`
  MODIFY `member_id` int(11) NOT NULL AUTO_INCREMENT;

--
-- AUTO_INCREMENT for table `menu`
--
ALTER TABLE `menu`
  MODIFY `menu_id` int(11) NOT NULL AUTO_INCREMENT, AUTO_INCREMENT=5;

--
-- AUTO_INCREMENT for table `message`
--
ALTER TABLE `message`
  MODIFY `message_id` int(11) NOT NULL AUTO_INCREMENT;

--
-- AUTO_INCREMENT for table `payment`
--
ALTER TABLE `payment`
  MODIFY `payment_id` int(11) NOT NULL AUTO_INCREMENT, AUTO_INCREMENT=8;

--
-- AUTO_INCREMENT for table `reservation`
--
ALTER TABLE `reservation`
  MODIFY `rid` int(11) NOT NULL AUTO_INCREMENT, AUTO_INCREMENT=58;

--
-- AUTO_INCREMENT for table `r_combo`
--
ALTER TABLE `r_combo`
  MODIFY `r_combo_id` int(11) NOT NULL AUTO_INCREMENT;

--
-- AUTO_INCREMENT for table `r_details`
--
ALTER TABLE `r_details`
  MODIFY `r_details_id` int(11) NOT NULL AUTO_INCREMENT, AUTO_INCREMENT=23;

--
-- AUTO_INCREMENT for table `r_noncombo`
--
ALTER TABLE `r_noncombo`
  MODIFY `r_non_id` int(11) NOT NULL AUTO_INCREMENT, AUTO_INCREMENT=38;

--
-- AUTO_INCREMENT for table `subcategory`
--
ALTER TABLE `subcategory`
  MODIFY `subcat_id` int(11) NOT NULL AUTO_INCREMENT, AUTO_INCREMENT=11;

--
-- AUTO_INCREMENT for table `team`
--
ALTER TABLE `team`
  MODIFY `team_id` int(11) NOT NULL AUTO_INCREMENT, AUTO_INCREMENT=2;

--
-- AUTO_INCREMENT for table `team_member`
--
ALTER TABLE `team_member`
  MODIFY `team_member_id` int(11) NOT NULL AUTO_INCREMENT;

--
-- AUTO_INCREMENT for table `user`
--
ALTER TABLE `user`
  MODIFY `user_id` int(11) NOT NULL AUTO_INCREMENT, AUTO_INCREMENT=2;
COMMIT;

/*!40101 SET CHARACTER_SET_CLIENT=@OLD_CHARACTER_SET_CLIENT */;
/*!40101 SET CHARACTER_SET_RESULTS=@OLD_CHARACTER_SET_RESULTS */;
/*!40101 SET COLLATION_CONNECTION=@OLD_COLLATION_CONNECTION */;
